time,seed,sinkhorn_div
0,3,11.859261131493856
1,3,18.39782045143612
