time,seed,sinkhorn_div
0,3,11.85926241814975
1,3,26.93690748514538
