time,seed,sinkhorn_div
0,3,5.695809132046225
1,3,9.833000392988685
2,3,7.180330897279985
3,3,11.724486226291871
4,3,18.338274942885423
5,3,15.766374583425412
6,3,12.571261107580295
7,3,13.736513494279238
8,3,8.200138500253507
9,3,7.5381908802328805
10,3,5.372338456627031
11,3,13.573196903984556
12,3,18.211405037434645
13,3,11.634876280791985
14,3,21.285311452797163
15,3,22.1006021408973
16,3,17.701307104091477
17,3,19.56595744332048
