time,seed,sinkhorn_div
0,3,5.695809132046225
1,3,12.4295622833102
