time,seed,sinkhorn_div
0,3,6.4597290827865255
1,3,29.20928573325399
