time,seed,sinkhorn_div
0,3,6.4597290827865255
1,3,9.954020269782959
