time,seed,sinkhorn_div
0,3,10.650425188773458
1,3,12.455291751000418
2,3,20.70469481076771
