time,seed,sinkhorn_div
0,3,10.650424830600215
1,3,14.54579035631422
2,3,16.479659055868122
