time,seed,sinkhorn_div
0,3,5.765809591176179
1,3,9.709950673914042
2,3,14.559342594606028
