time,seed,sinkhorn_div
0,3,5.765809591176179
1,3,6.233461394328984
2,3,21.55918367839808
