time,seed,sinkhorn_div
0,3,10.770779774948943
1,3,12.382506280716848
2,3,20.83766499564438
