time,seed,sinkhorn_div
0,3,10.770779774948943
1,3,12.860648146650819
2,3,18.12802709096987
