time,seed,sinkhorn_div
0,3,5.496385253463606
1,3,7.110298918330214
2,3,7.727069278833508
3,3,5.99315029799727
4,3,6.4436062490595996
5,3,3.920175982242441
6,3,7.758921256838751
7,3,12.359015728422333
8,3,8.086947495043953
9,3,11.404442547290644
10,3,10.0393429253149
11,3,7.494446033163101
12,3,7.0958579540292215
13,3,6.963272199835642
14,3,5.9843654383490845
15,3,6.69031244480636
16,3,5.932297203947792
17,3,9.222237654625825
18,3,9.486570000583802
19,3,17.2725258409354
