time,seed,sinkhorn_div
0,3,5.660792428878802
1,3,7.019329630695189
2,3,19.629117302969842
