time,seed,sinkhorn_div
0,3,5.660792428878802
1,3,6.495101256487943
2,3,15.177152146092
