time,seed,eigh
0,3,0.6947152562830335
1,3,0.6455321042295159
2,3,13.352834765333656
