time,seed,eigh
0,3,3.4743174681318947
1,3,0.7890653547718651
2,3,6.553963189150953
