time,seed,eigh
0,3,1.9840430511410565
1,3,0.7734570969680059
2,3,0.8991912393466688
3,3,0.6476348533590335
4,3,3.2876345018191366
5,3,1.060716646708866
6,3,1.2363027721761897
7,3,0.6646577050901344
8,3,0.7387877498665513
9,3,0.6946713343939656
10,3,0.8038640762116146
11,3,0.7248503061994173
12,3,17.579185775389174
