time,seed,eigh
0,3,3.474317468131891
1,3,0.7347236308076757
2,3,41.08326426977525
