time,seed,sinkhorn_div
0,3,5.490510035935816
1,3,6.985993131733032
2,3,11.870138679086365
3,3,15.245067361524574
4,3,23.91302242715384
5,3,21.716763763718124
6,3,22.414236776073956
7,3,17.413669942861162
