time,seed,sinkhorn_div
0,3,10.650424830600215
1,3,16.93443850617821
