time,seed,sinkhorn_div
0,3,5.765809591176179
1,3,12.98951650610984
