time,seed,sinkhorn_div
0,3,10.650424830600215
1,3,18.42013880707404
2,3,24.738354958539333
3,3,22.58589628909246
4,3,12.356206630076896
5,3,15.922939216304659
6,3,18.413803131128375
7,3,17.333136532962303
8,3,13.464162093820464
9,3,13.897657435774866
10,3,15.968421290648147
11,3,14.664615025219401
12,3,17.874395613689643
13,3,22.356350249635447
