time,seed,sinkhorn_div
0,3,5.490510035935816
1,3,14.8161086181548
2,3,12.2197003007215
3,3,8.62850615513707
4,3,5.7861627273752
5,3,7.381113654160513
6,3,8.463969440311292
7,3,14.839875111015823
8,3,17.1409855320447
9,3,14.175801163357466
10,3,14.925375898218611
11,3,11.688195192601446
12,3,20.13440858778046
13,3,22.184200761526984
