time,seed,sinkhorn_div
0,3,5.765809591176179
1,3,17.501128242090388
2,3,18.210743946043483
3,3,20.28139370013614
4,3,11.957549987726766
5,3,13.635849858633216
6,3,20.947497904452245
7,3,20.13472157591093
8,3,16.933865428183953
9,3,13.923923328901974
10,3,16.589558159921147
11,3,17.83406469443774
12,3,25.694251887885837
13,3,11.446352341842083
