time,seed,sinkhorn_div
0,3,11.093820491083264
1,3,17.673167538109237
