time,seed,sinkhorn_div
0,3,5.310755185092448
1,3,7.58988345573119
2,3,11.484944315182881
3,3,20.399363548971937
