time,seed,sinkhorn_div
0,3,6.299103978940179
1,3,14.032205323999603
