time,seed,sinkhorn_div
0,3,5.695809132046225
1,3,6.339624726654148
2,3,7.1513577859294
3,3,8.081353905430959
4,3,15.408915012590418
