time,seed,sinkhorn_div
0,3,5.496385253463606
1,3,14.637555854097908
