time,seed,sinkhorn_div
0,3,10.770779774948943
1,3,19.726061256008034
2,3,22.98883581797097
