time,seed,sinkhorn_div
0,3,5.660792428878802
1,3,17.173318901134927
