time,seed,sinkhorn_div
0,3,11.093820491083264
1,3,20.337654946926264
2,3,23.761694026885873
3,3,21.140385369114902
4,3,20.577632634580443
