time,seed,sinkhorn_div
0,3,5.310755185092448
1,3,9.315567637832869
