time,seed,sinkhorn_div
0,3,11.09382083494111
1,3,17.863828355797384
2,3,18.948240753080977
