time,seed,sinkhorn_div
0,3,5.310755185092448
1,3,8.713346604928395
2,3,6.93699217991129
3,3,6.795432172200854
4,3,3.788974784543665
5,3,2.484244385170808
6,3,3.398212714818095
7,3,6.0924856585997915
8,3,7.48701803092268
9,3,13.995863712175991
10,3,10.403481238268276
11,3,16.28762171385835
12,3,20.820071381108498
