time,seed,sinkhorn_div
0,3,6.299103978940179
1,3,13.0189651654612
2,3,17.470731837769865
