time,seed,sinkhorn_div
0,3,11.859261131493856
1,3,14.28290493180626
2,3,18.704247564473825
