time,seed,sinkhorn_div
0,3,5.695809132046225
1,3,6.891171111525971
2,3,8.264645148827332
