time,seed,sinkhorn_div
0,3,11.859261131493856
1,3,13.077500778487002
2,3,20.523021889824957
