time,seed,sinkhorn_div
0,3,6.4597290827865255
1,3,8.073712263383806
2,3,11.726496137803563
