time,seed,sinkhorn_div
0,3,6.4597290827865255
1,3,8.061347346748054
2,3,18.99831744323239
