time,seed,sinkhorn_div
0,3,10.770779774948943
1,3,17.38727997367077
