time,seed,sinkhorn_div
0,3,5.496385253463606
1,3,8.1943926735947
2,3,11.948344632338197
3,3,20.65812399900347
4,3,20.48620885908295
5,3,21.440887094621267
