time,seed,sinkhorn_div
0,3,5.660792428878802
1,3,14.275209848227714
