time,seed,sinkhorn_div
0,3,11.093820491083264
1,3,12.690182256689926
2,3,17.157308354764414
