time,seed,sinkhorn_div
0,3,11.09382083494111
1,3,12.657152986691582
2,3,20.229877033849895
