time,seed,sinkhorn_div
0,3,5.310755185092448
1,3,7.184946684722489
2,3,7.9895530676900535
3,3,6.369608974462155
4,3,4.224224240564214
5,3,5.761419814808733
