time,seed,sinkhorn_div
0,3,6.299103978940179
1,3,7.83775872833203
2,3,15.093936010758592
