time,seed,sinkhorn_div
0,3,6.299103978940179
1,3,9.974557554141382
2,3,19.84254733068092
