time,seed,eigh
0,3,2.1365907348157127
1,3,0.5671188331875815
2,3,8.31965022027824
