time,seed,eigh
0,3,2.193500049426047
1,3,2.510006518606161
2,3,3.3946848149153124
3,3,0.639171429464683
4,3,0.626715188169885
5,3,0.6354999306687087
6,3,2.417854810014115
7,3,0.6106714622245658
8,3,0.640916060111339
9,3,2.4608242947466312
10,3,0.6591790132203841
11,3,0.6186921663561391
12,3,0.6493778868302534
13,3,1.6772153862916757
14,3,0.6260706241656261
15,3,0.6336655470863969
16,3,0.6322009201970692
17,3,27.56226039734236
