time,seed,eigh
0,3,0.6947152562830337
1,3,60.430583081933676
