time,seed,eigh
0,3,0.5764291610462353
1,3,0.6195062357002755
2,3,9.184596781523533
